<?xml version="1.0" encoding="Windows-1252"?>
<?xml-stylesheet type='text/xsl' href='AVRStudioConversionLog.xslt'?>
<ConversionLog BrandName="Atmel Studio 7.0 Project ConversionLog">
  <Project name="bldc_sensor" id="bldc_sensor" status="Success">
    <LogEntry>
      <Type>Info</Type>
      <DateTime>8/27/2020 4:44:16 PM</DateTime>
      <Message>Source Project Path: C:\Users\WinderMac\Desktop\AVR194 Trapezoid drive with overcurrent\avr194_software\Applications\MC310_bldc_sensor\bldc_sensor.aps</Message>
      <Exception>
      </Exception>
    </LogEntry>
    <LogEntry>
      <Type>Info</Type>
      <DateTime>8/27/2020 4:44:16 PM</DateTime>
      <Message>Studio5 Project Path: C:\Users\WinderMac\Desktop\AVR194 Trapezoid drive with overcurrent\avr194_software\Applications\MC310_bldc_sensor\bldc_sensor.avrgccproj</Message>
      <Exception>
      </Exception>
    </LogEntry>
    <LogEntry>
      <Type>Info</Type>
      <DateTime>8/27/2020 4:44:16 PM</DateTime>
      <Message>Studio5 Solution Path: C:\Users\WinderMac\Desktop\AVR194 Trapezoid drive with overcurrent\avr194_software\Applications\MC310_bldc_sensor\bldc_sensor.atsln</Message>
      <Exception>
      </Exception>
    </LogEntry>
    <LogEntry>
      <Type>Info</Type>
      <DateTime>8/27/2020 4:44:16 PM</DateTime>
      <Message>Started : Processing General settings from source project</Message>
      <Exception>
      </Exception>
    </LogEntry>
    <LogEntry>
      <Type>Info</Type>
      <DateTime>8/27/2020 4:44:16 PM</DateTime>
      <Message>Completed : Processing General settings from source project</Message>
      <Exception>
      </Exception>
    </LogEntry>
    <LogEntry>
      <Type>Info</Type>
      <DateTime>8/27/2020 4:44:16 PM</DateTime>
      <Message>Started : Processing Project files information from source project</Message>
      <Exception>
      </Exception>
    </LogEntry>
    <LogEntry>
      <Type>Info</Type>
      <DateTime>8/27/2020 4:44:16 PM</DateTime>
      <Message>Completed : Processing Project files information from source project</Message>
      <Exception>
      </Exception>
    </LogEntry>
    <LogEntry>
      <Type>Info</Type>
      <DateTime>8/27/2020 4:44:16 PM</DateTime>
      <Message>Started : Processing Build Dependency settings from the source project</Message>
      <Exception>
      </Exception>
    </LogEntry>
    <LogEntry>
      <Type>Warning</Type>
      <DateTime>8/27/2020 4:44:16 PM</DateTime>
      <Message>Skipped reading Build Dependency settings from source project. It is either invalid or not provided.</Message>
      <Exception>
      </Exception>
    </LogEntry>
    <LogEntry>
      <Type>Info</Type>
      <DateTime>8/27/2020 4:44:16 PM</DateTime>
      <Message>Completed : Processing Build Dependency settings from the source project</Message>
      <Exception>
      </Exception>
    </LogEntry>
    <LogEntry>
      <Type>Info</Type>
      <DateTime>8/27/2020 4:44:16 PM</DateTime>
      <Message>Started : Processing ProjectLevel Toolchain settings from source project</Message>
      <Exception>
      </Exception>
    </LogEntry>
    <LogEntry>
      <Type>Info</Type>
      <DateTime>8/27/2020 4:44:16 PM</DateTime>
      <Message>Completed : Processing ProjectLevel Toolchain settings from source project</Message>
      <Exception>
      </Exception>
    </LogEntry>
    <LogEntry>
      <Type>Info</Type>
      <DateTime>8/27/2020 4:44:16 PM</DateTime>
      <Message>Started : Processing Toolchain settings from source project [Configuration default]</Message>
      <Exception>
      </Exception>
    </LogEntry>
    <LogEntry>
      <Type>Info</Type>
      <DateTime>8/27/2020 4:44:16 PM</DateTime>
      <Message>Completed : Processing Toolchain settings from source project [Configuration default]</Message>
      <Exception>
      </Exception>
    </LogEntry>
    <LogEntry>
      <Type>Info</Type>
      <DateTime>8/27/2020 4:44:16 PM</DateTime>
      <Message>Started : Processing external makefile settings [Configuration default]</Message>
      <Exception>
      </Exception>
    </LogEntry>
    <LogEntry>
      <Type>Info</Type>
      <DateTime>8/27/2020 4:44:16 PM</DateTime>
      <Message>Completed : Processing external makefile settings [Configuration default]</Message>
      <Exception>
      </Exception>
    </LogEntry>
    <LogEntry>
      <Type>Info</Type>
      <DateTime>8/27/2020 4:44:16 PM</DateTime>
      <Message>Started : Processing File level Toolchain settings from Source Project [Configuration default]</Message>
      <Exception>
      </Exception>
    </LogEntry>
    <LogEntry>
      <Type>Info</Type>
      <DateTime>8/27/2020 4:44:16 PM</DateTime>
      <Message>Completed : Processing File level Toolchain settings from Source Project [Configuration default]</Message>
      <Exception>
      </Exception>
    </LogEntry>
    <LogEntry>
      <Type>Info</Type>
      <DateTime>8/27/2020 4:44:16 PM</DateTime>
      <Message>Started : Processing Pre/Post Build event settings from source project [Configuration default]</Message>
      <Exception>
      </Exception>
    </LogEntry>
    <LogEntry>
      <Type>Warning</Type>
      <DateTime>8/27/2020 4:44:16 PM</DateTime>
      <Message>Skipped reading Pre/Post build event settings from source project. It is either invalid or not provided.</Message>
      <Exception>
      </Exception>
    </LogEntry>
    <LogEntry>
      <Type>Info</Type>
      <DateTime>8/27/2020 4:44:16 PM</DateTime>
      <Message>Completed : Processing Pre/Post Build event settings from source project [Configuration default]</Message>
      <Exception>
      </Exception>
    </LogEntry>
    <LogEntry>
      <Type>Info</Type>
      <DateTime>8/27/2020 4:44:16 PM</DateTime>
      <Message>Started : Create Atmel Studio 7.0 Project</Message>
      <Exception>
      </Exception>
    </LogEntry>
    <LogEntry>
      <Type>Info</Type>
      <DateTime>8/27/2020 4:44:16 PM</DateTime>
      <Message>Completed : Create Atmel Studio 7.0 Project</Message>
      <Exception>
      </Exception>
    </LogEntry>
    <LogEntry>
      <Type>Info</Type>
      <DateTime>8/27/2020 4:44:16 PM</DateTime>
      <Message>Started : Updating Atmel Studio 7.0 GeneralSettings</Message>
      <Exception>
      </Exception>
    </LogEntry>
    <LogEntry>
      <Type>Info</Type>
      <DateTime>8/27/2020 4:44:16 PM</DateTime>
      <Message>Completed : Updating Atmel Studio 7.0 GeneralSettings</Message>
      <Exception>
      </Exception>
    </LogEntry>
    <LogEntry>
      <Type>Info</Type>
      <DateTime>8/27/2020 4:44:16 PM</DateTime>
      <Message>Started : Updating Atmel Studio 7.0 FileInformation</Message>
      <Exception>
      </Exception>
    </LogEntry>
    <LogEntry>
      <Type>Info</Type>
      <DateTime>8/27/2020 4:44:16 PM</DateTime>
      <Message>Completed : Updating Atmel Studio 7.0 FileInformation</Message>
      <Exception>
      </Exception>
    </LogEntry>
    <LogEntry>
      <Type>Info</Type>
      <DateTime>8/27/2020 4:44:16 PM</DateTime>
      <Message>Started : Copying Files</Message>
      <Exception>
      </Exception>
    </LogEntry>
    <LogEntry>
      <Type>Info</Type>
      <DateTime>8/27/2020 4:44:16 PM</DateTime>
      <Message>Completed : Copying Files</Message>
      <Exception>
      </Exception>
    </LogEntry>
    <LogEntry>
      <Type>Info</Type>
      <DateTime>8/27/2020 4:44:16 PM</DateTime>
      <Message>Started : Saving Atmel Studio 7.0 Solution</Message>
      <Exception>
      </Exception>
    </LogEntry>
    <LogEntry>
      <Type>Info</Type>
      <DateTime>8/27/2020 4:44:16 PM</DateTime>
      <Message>Completed : Saving Atmel Studio 7.0 Solution</Message>
      <Exception>
      </Exception>
    </LogEntry>
    <LogEntry>
      <Type>Info</Type>
      <DateTime>8/27/2020 4:44:16 PM</DateTime>
      <Message>Started : Updating Configurations In Atmel Studio 7.0 Project</Message>
      <Exception>
      </Exception>
    </LogEntry>
    <LogEntry>
      <Type>Info</Type>
      <DateTime>8/27/2020 4:44:17 PM</DateTime>
      <Message>Completed : Updating Configurations In Atmel Studio 7.0 Project</Message>
      <Exception>
      </Exception>
    </LogEntry>
    <LogEntry>
      <Type>Info</Type>
      <DateTime>8/27/2020 4:44:17 PM</DateTime>
      <Message>Started : Updating Build Dependencies in Atmel Studio 7.0 Solution for the project</Message>
      <Exception>
      </Exception>
    </LogEntry>
    <LogEntry>
      <Type>Info</Type>
      <DateTime>8/27/2020 4:44:17 PM</DateTime>
      <Message>Completed : Updating Build Dependencies in Atmel Studio 7.0 Solution for the project</Message>
      <Exception>
      </Exception>
    </LogEntry>
    <LogEntry>
      <Type>Info</Type>
      <DateTime>8/27/2020 4:44:17 PM</DateTime>
      <Message>Started : Updating ProjectLevelToolchainSettings In Atmel Studio 7.0 Project</Message>
      <Exception>
      </Exception>
    </LogEntry>
    <LogEntry>
      <Type>Info</Type>
      <DateTime>8/27/2020 4:44:17 PM</DateTime>
      <Message>Completed : Updating ProjectLevelToolchainSettings In Atmel Studio 7.0 Project</Message>
      <Exception>
      </Exception>
    </LogEntry>
    <LogEntry>
      <Type>Info</Type>
      <DateTime>8/27/2020 4:44:17 PM</DateTime>
      <Message>Started : Updating ToolChainSettings In Atmel Studio 7.0 Project [Configuration default]</Message>
      <Exception>
      </Exception>
    </LogEntry>
    <LogEntry>
      <Type>Info</Type>
      <DateTime>8/27/2020 4:44:17 PM</DateTime>
      <Message>Completed : Updating ToolChainSettings In Atmel Studio 7.0 Project [Configuration default]</Message>
      <Exception>
      </Exception>
    </LogEntry>
    <LogEntry>
      <Type>Info</Type>
      <DateTime>8/27/2020 4:44:17 PM</DateTime>
      <Message>Started : Updating FileLevelSettings In Atmel Studio 7.0 Project [Configuration default]</Message>
      <Exception>
      </Exception>
    </LogEntry>
    <LogEntry>
      <Type>Info</Type>
      <DateTime>8/27/2020 4:44:17 PM</DateTime>
      <Message>Completed : Updating FileLevelSettings In Atmel Studio 7.0 Project [Configuration default]</Message>
      <Exception>
      </Exception>
    </LogEntry>
    <LogEntry>
      <Type>Info</Type>
      <DateTime>8/27/2020 4:44:17 PM</DateTime>
      <Message>Started : Updating ExternalMakeFileSettings In Atmel Studio 7.0 Project [Configuration default]</Message>
      <Exception>
      </Exception>
    </LogEntry>
    <LogEntry>
      <Type>Info</Type>
      <DateTime>8/27/2020 4:44:17 PM</DateTime>
      <Message>Completed : Updating ExternalMakeFileSettings In Atmel Studio 7.0 Project [Configuration default]</Message>
      <Exception>
      </Exception>
    </LogEntry>
    <LogEntry>
      <Type>Info</Type>
      <DateTime>8/27/2020 4:44:17 PM</DateTime>
      <Message>Started : Updating BuildEvents In Atmel Studio 7.0 Project [Configuration default]</Message>
      <Exception>
      </Exception>
    </LogEntry>
    <LogEntry>
      <Type>Info</Type>
      <DateTime>8/27/2020 4:44:17 PM</DateTime>
      <Message>Completed : Updating BuildEvents In Atmel Studio 7.0 Project [Configuration default]</Message>
      <Exception>
      </Exception>
    </LogEntry>
    <LogEntry>
      <Type>Success</Type>
      <DateTime>8/27/2020 4:44:18 PM</DateTime>
      <Message>Atmel Studio 7.0 Project Created Successfully</Message>
      <Exception>
      </Exception>
    </LogEntry>
  </Project>
</ConversionLog>